{"mae_era5_region1": 0.10475416114998806, "mae_era5_region2": 0.14832596272382073, "crps_aimip_region1": 0.12503482056612944, "crps_aimip_region2": 0.15523389358021328, "score": 0.12782302295471204, "team_name": "Dawn"}