{"mae_era5_region1": 0.09442762601426744, "mae_era5_region2": 0.141419837389888, "crps_aimip_region1": 0.12130567767767071, "crps_aimip_region2": 0.15303121916851262, "score": 0.16511383668529417, "team_name": "Dawn"}