{"mae_era5_region1": 0.08337759882002377, "mae_era5_region2": 0.13256157146517236, "crps_aimip_region1": 0.12037737536030735, "crps_aimip_region2": 0.15010519883300746, "score": 0.2033029175206254, "team_name": "Dawn"}