{"mae_era5_region1": 0.09501007378422426, "mae_era5_region2": 0.13455769355477273, "crps_aimip_region1": 0.12221050822674284, "crps_aimip_region2": 0.14985571159467634, "score": 0.17928620665438305, "team_name": "Dawn"}