{"mae_era5_region1": 0.12128899693099242, "mae_era5_region2": 0.15496429590594904, "crps_aimip_region1": 0.12616824536288862, "crps_aimip_region2": 0.1508597336587589, "score": 0.09651629735569653, "team_name": "Dawn"}