{"mae_era5_region1": 0.0926660620969828, "mae_era5_region2": 0.13817831257809168, "crps_aimip_region1": 0.1209656311443149, "crps_aimip_region2": 0.1545804017654321, "score": 0.1711985402806698, "team_name": "Dawn"}