{"mae_era5_region1": 0.10109288038362033, "mae_era5_region2": 0.14720388642819146, "crps_aimip_region1": 0.12319602304769445, "crps_aimip_region2": 0.15500382555077788, "score": 0.13880081149201784, "team_name": "Dawn"}