{"mae_era5_region1": 0.10139457364278381, "mae_era5_region2": 0.14246921793088735, "crps_aimip_region1": 0.12308632102174609, "crps_aimip_region2": 0.15146265515172713, "score": 0.15218937144414713, "team_name": "Dawn"}