{"mae_era5_region1": 0.09560434927797155, "mae_era5_region2": 0.13544590084457406, "crps_aimip_region1": 0.12179584196623354, "crps_aimip_region2": 0.1482545905990635, "score": 0.18023693121229298, "team_name": "Dawn"}