{"mae_era5_region1": 0.09497316911016343, "mae_era5_region2": 0.1382484320542325, "crps_aimip_region1": 0.1223699352655738, "crps_aimip_region2": 0.15340045720140894, "score": 0.1671191829733771, "team_name": "Dawn"}