{"mae_era5_region1": 0.09513956086378865, "mae_era5_region2": 0.1370262032262948, "crps_aimip_region1": 0.12102002130945909, "crps_aimip_region2": 0.15162457497211895, "score": 0.17405731551505785, "team_name": "Dawn"}