{"mae_era5_region1": 0.13015380618795994, "mae_era5_region2": 0.149622042884287, "crps_aimip_region1": 0.12952601617362494, "crps_aimip_region2": 0.14941049039513168, "score": 0.08836819386409259, "team_name": "Dawn"}