{"mae_era5_region1": 0.10421665315625078, "mae_era5_region2": 0.1413100251636537, "crps_aimip_region1": 0.12431938947288826, "crps_aimip_region2": 0.14919120658450416, "score": 0.15142876621878923, "team_name": "Dawn"}