{"mae_era5_region1": 0.1002281067565271, "mae_era5_region2": 0.11505134202812534, "crps_aimip_region1": 0.1228912077744706, "crps_aimip_region2": 0.13854905522195765, "score": 0.2209446872813153, "team_name": "Dawn"}