{"mae_era5_region1": 0.10563001593198729, "mae_era5_region2": 0.12259474117324975, "crps_aimip_region1": 0.12369758663296318, "crps_aimip_region2": 0.14086971706330917, "score": 0.19491647640286222, "team_name": "Dawn"}