{"mae_era5_region1": 0.09680214866312058, "mae_era5_region2": 0.1353259284189338, "crps_aimip_region1": 0.1222039741952314, "crps_aimip_region2": 0.15088288445392536, "score": 0.17354022351297138, "team_name": "Dawn"}