{"mae_era5_region1": 0.09724119877917904, "mae_era5_region2": 0.11275858232631143, "crps_aimip_region1": 0.12265314642058779, "crps_aimip_region2": 0.13792734509529653, "score": 0.23079807599056093, "team_name": "Dawn"}